Fila,Nombre,Tipo,Coordenadas
104,Sala Evocativa de la Ribera,UBICACION_COMPARTIDA,"-32.50023, -58.22458"
975,House Rooftop,UBICACION_COMPARTIDA,"-32.50018, -58.22456"
1035,Señor Mozzarella,UBICACION_COMPARTIDA,"-32.49971, -58.28062"
1140,GIRL POWER Club de belleza,UBICACION_COMPARTIDA,"-32.4994382, -58.2803052"
1526,Novafit,UBICACION_COMPARTIDA,"-32.493314, -58.249331"
1580,Urban Dance,UBICACION_COMPARTIDA,"-32.493342, -58.249309"
625,La Quinta Sabores Entrerrianos,UBICACION_COMPARTIDA,"-32.49269, -58.22985"
1059,La Quinta Gluten Free,UBICACION_COMPARTIDA,"-32.4925, -58.22991"
20,LK Gestoría Integral,UBICACION_COMPARTIDA,"-32.4914827, -58.2554083"
1163,Peluqueria Agos unisex,UBICACION_COMPARTIDA,"-32.4914704, -58.2555218"
351,Glow Up Estética,UBICACION_COMPARTIDA,"-32.4916, -58.25348"
839,Grabado en Placas,UBICACION_COMPARTIDA,"-32.49148, -58.25375"
239,Pizzeria Punto Pizza,UBICACION_COMPARTIDA,"-32.49162, -58.24937"
1462,Consultorio Médico (Bv. Aráoz),UBICACION_COMPARTIDA,"-32.4914883, -58.2493308"
596,Carla Bernay Nutricionista,UBICACION_COMPARTIDA,"-32.49173, -58.23251"
674,Kiosco Panther,UBICACION_COMPARTIDA,"-32.49173, -58.23251"
492,Timshel Arquitectura,UBICACION_COMPARTIDA,"-32.49112, -58.231"
560,Sporting Concepción,UBICACION_COMPARTIDA,"-32.49112, -58.231"
642,Autoservicio Pitu,UBICACION_COMPARTIDA,"-32.49112, -58.231"
561,Club Sarmiento,UBICACION_COMPARTIDA,"-32.49057, -58.25225"
586,Lavadero de Autos FC,UBICACION_COMPARTIDA,"-32.49057, -58.25225"
1419,Servicio de Encomiendas Concepción del Uruguay,UBICACION_COMPARTIDA,"-32.4905698, -58.2417703"
1421,Correo Servijur,UBICACION_COMPARTIDA,"-32.4903024, -58.241839"
329,ENTRENAMIENTO LV,UBICACION_COMPARTIDA,"-32.49065, -58.23441"
389,Instituto De Psicología Y Psicoanálisis Del Litoral,UBICACION_COMPARTIDA,"-32.49045, -58.23445"
922,Equipar Alarmas,UBICACION_COMPARTIDA,"-32.49062, -58.23214"
1188,"Peluqueria ""Peinarte""",UBICACION_COMPARTIDA,"-32.4904478, -58.2321374"
549,Bazar y Regalería Tote,UBICACION_COMPARTIDA,"-32.48991, -58.29176"
576,Cerrajería Boxer,UBICACION_COMPARTIDA,"-32.48991, -58.29176"
600,Fonoaudióloga Lic. Maria Vanina Cabandie,UBICACION_COMPARTIDA,"-32.48991, -58.29176"
643,Punto Fresco,UBICACION_COMPARTIDA,"-32.48991, -58.29176"
243,Che Doña,UBICACION_COMPARTIDA,"-32.48978, -58.2497"
810,Corralón Perotti - Martín,UBICACION_COMPARTIDA,"-32.49016, -58.24961"
1034,Granja Rico Pollo,UBICACION_COMPARTIDA,"-32.49011, -58.24179"
1538,La Tribu Team Dojo Serpiente,UBICACION_COMPARTIDA,"-32.490086, -58.242145"
479,Estudio Jurídico Bernal,UBICACION_COMPARTIDA,"-32.49002, -58.22854"
671,Usaditos,UBICACION_COMPARTIDA,"-32.49002, -58.22854"
720,Centro Integral Saludable,UBICACION_COMPARTIDA,"-32.49002, -58.22854"
734,Jardín Materno Infantil Pintitas de Colores,UBICACION_COMPARTIDA,"-32.49002, -58.22854"
349,AILA - Estética by Ailen Lagneau,UBICACION_COMPARTIDA,"-32.48966, -58.23038"
385,Dr Daniel Romero Cardiología,UBICACION_COMPARTIDA,"-32.48967, -58.23052"
595,Marianela Vega - Nutricionista,UBICACION_COMPARTIDA,"-32.4896, -58.23033"
895,Farmacia Flores,UBICACION_COMPARTIDA,"-32.48972, -58.2305"
305,Laboratorio Uruguay,UBICACION_COMPARTIDA,"-32.48886, -58.24942"
307,Analítica Servicios Bioquímicos,UBICACION_COMPARTIDA,"-32.48884, -58.24949"
863,Fletes Martin,UBICACION_COMPARTIDA,"-32.48876, -58.24107"
1264,Electrón electricistas,UBICACION_COMPARTIDA,"-32.4889425, -58.2412132"
680,Monti Negocios Inmobiliarios,UBICACION_COMPARTIDA,"-32.48903, -58.23215"
681,Defazy Propiedades,UBICACION_COMPARTIDA,"-32.48903, -58.23215"
150,Supermercado Gran Rex (sucursal J. D. Perón),UBICACION_COMPARTIDA,"-32.4892, -58.23031"
527,Instituto 'Martín Fierro',UBICACION_COMPARTIDA,"-32.48898, -58.23032"
858,Celinski Hnos. S.C.C.,UBICACION_COMPARTIDA,"-32.48921, -58.23065"
1322,Quito Gas,UBICACION_COMPARTIDA,"-32.4892058, -58.2306475"
330,Chipper Fitness Club,UBICACION_COMPARTIDA,"-32.48891, -58.22943"
1170,Antonieta Lashes,UBICACION_COMPARTIDA,"-32.4889775, -58.2295292"
272,Parrilla El Monumento,UBICACION_COMPARTIDA,"-32.48872, -58.25929"
1011,Parrilla El Monumento,UBICACION_COMPARTIDA,"-32.48872, -58.25929"
278,Pizzería Me Gusta: a la piedra,UBICACION_COMPARTIDA,"-32.48849, -58.2495"
1019,Pizzería Me Gusta: a la piedra,UBICACION_COMPARTIDA,"-32.48849, -58.2495"
236,Mi Viejo,UBICACION_COMPARTIDA,"-32.48831, -58.24246"
1265,Electricidad y pinturas del automóvil LEO,UBICACION_COMPARTIDA,"-32.4885909, -58.2426344"
116,TAO Remises,UBICACION_COMPARTIDA,"-32.48855, -58.24218"
149,Supermercados DIA,UBICACION_COMPARTIDA,"-32.48851, -58.24177"
152,Supermercado Mayorista El Rey,UBICACION_COMPARTIDA,"-32.48832, -58.24178"
832,Academia Jazz Live,UBICACION_COMPARTIDA,"-32.48833, -58.24178"
849,Boomerangcdelu Salón de Fiestas,UBICACION_COMPARTIDA,"-32.4883, -58.24225"
86,Escribania Lacava,UBICACION_COMPARTIDA,"-32.4885484, -58.2341085"
485,Escribania Lacava,UBICACION_COMPARTIDA,"-32.48859, -58.23422"
3,Materiales Concepcion,UBICACION_COMPARTIDA,"-32.488081, -58.27393"
811,Materiales Concepción,UBICACION_COMPARTIDA,"-32.48808, -58.27393"
254,Pastas Diaz Velez,UBICACION_COMPARTIDA,"-32.48815, -58.251"
1351,TIRES Esmeralda,UBICACION_COMPARTIDA,"-32.4878636, -58.2509851"
158,Heladería Italia,UBICACION_COMPARTIDA,"-32.48779, -58.25028"
321,Ferrolatina,UBICACION_COMPARTIDA,"-32.48814, -58.25073"
325,show sport gym,UBICACION_COMPARTIDA,"-32.48809, -58.2503"
421,Uruguay Muebles,UBICACION_COMPARTIDA,"-32.48809, -58.25065"
1433,Baterías Tomba Hnos,UBICACION_COMPARTIDA,"-32.4878102, -58.2505163"
26,Gestionar | Estudio Contable y Consultoria,UBICACION_COMPARTIDA,"-32.4880691, -58.2501338"
867,Kundalini Tur,UBICACION_COMPARTIDA,"-32.48807, -58.25015"
40,INMOBILIARIA FERNAN GALOTTO,UBICACION_COMPARTIDA,"-32.4877779, -58.2489307"
783,Frenos El Negro - Embragues y Repuestos,UBICACION_COMPARTIDA,"-32.48783, -58.24917"
1436,Todo Tren Delantero,UBICACION_COMPARTIDA,"-32.4878289, -58.249088"
288,Farmacia San Martín,UBICACION_COMPARTIDA,"-32.48779, -58.24521"
1367,La Casa del Paragolpe,UBICACION_COMPARTIDA,"-32.4881279, -58.2447949"
1534,Sol de Acuario RedGFU,UBICACION_COMPARTIDA,"-32.487873, -58.23956"
1544,Almeida Jiu Jitsu - Concepción del Uruguay,UBICACION_COMPARTIDA,"-32.487876, -58.239551"
146,Western Union,UBICACION_COMPARTIDA,"-32.48781, -58.23779"
252,Veneciana,UBICACION_COMPARTIDA,"-32.4881, -58.23821"
542,La Tentación Calzados,UBICACION_COMPARTIDA,"-32.48779, -58.23794"
78,Haddad & Asociados,UBICACION_COMPARTIDA,"-32.4879323, -58.2348128"
1535,Sinergia Salud,UBICACION_COMPARTIDA,"-32.4878, -58.234944"
128,Posta Torreón,UBICACION_COMPARTIDA,"-32.48778, -58.23309"
694,Dra. Luciana Calle,UBICACION_COMPARTIDA,"-32.48778, -58.23285"
262,3260 Hostel,UBICACION_COMPARTIDA,"-32.48808, -58.23157"
901,Farmacia San Roque,UBICACION_COMPARTIDA,"-32.48813, -58.23157"
1523,Emilia Montañana (EM Gym),UBICACION_COMPARTIDA,"-32.48825, -58.231375"
42,Inmobiliaria Scatena,UBICACION_COMPARTIDA,"-32.4881421, -58.2306947"
194,pizzeria don quijote,UBICACION_COMPARTIDA,"-32.4879565, -58.2307294"
627,Dulce Sabor,UBICACION_COMPARTIDA,"-32.48806, -58.23051"
774,Porcomagro Local,UBICACION_COMPARTIDA,"-32.48824, -58.23067"
62,Mayorista y Minorista El Rey León,UBICACION_COMPARTIDA,"-32.4874056, -58.2759636"
504,El Pincel Pintureria,UBICACION_COMPARTIDA,"-32.48759, -58.27613"
717,Fruver,UBICACION_COMPARTIDA,"-32.48759, -58.27613"
816,Simple Aluminio,UBICACION_COMPARTIDA,"-32.48747, -58.27616"
274,Barro,UBICACION_COMPARTIDA,"-32.48771, -58.27066"
1024,Barro,UBICACION_COMPARTIDA,"-32.48771, -58.27066"
719,Verdulería La Porteña,UBICACION_COMPARTIDA,"-32.48763, -58.26079"
732,Arandu Espacio Clínico Integral,UBICACION_COMPARTIDA,"-32.48763, -58.26079"
856,Metalúrgica Barrios S.R.L.,UBICACION_COMPARTIDA,"-32.48757, -58.25678"
1383,Honda Motolitoral,UBICACION_COMPARTIDA,"-32.4875988, -58.2570424"
445,YPF (Gral. Galarza),UBICACION_COMPARTIDA,"-32.48745, -58.25142"
538,Taller Colazo,UBICACION_COMPARTIDA,"-32.4877, -58.25136"
699,CIEP Gym,UBICACION_COMPARTIDA,"-32.4877, -58.25136"
446,Combustibles Litoral SA,UBICACION_COMPARTIDA,"-32.48725, -58.25025"
621,La Última Patio de Comidas,UBICACION_COMPARTIDA,"-32.4877, -58.2501"
834,CEDELS,UBICACION_COMPARTIDA,"-32.48775, -58.25012"
820,Lubricantes Quique,UBICACION_COMPARTIDA,"-32.48751, -58.24927"
1296,Electro Refrigeración SM,UBICACION_COMPARTIDA,"-32.4873584, -58.249737"
1373,Mauro J. Scarbol (Motos y repuestos),UBICACION_COMPARTIDA,"-32.4876155, -58.2494323"
68,LOPELEC - Materiales Electricos,UBICACION_COMPARTIDA,"-32.4875496, -58.2487279"
761,Multicosas,UBICACION_COMPARTIDA,"-32.48748, -58.24857"
875,Zapatería Modelo,UBICACION_COMPARTIDA,"-32.48774, -58.24865"
120,Gym Lucianos,UBICACION_COMPARTIDA,"-32.48731, -58.24766"
1405,Lava Autos El Supremo,UBICACION_COMPARTIDA,"-32.4873138, -58.2475792"
8,Emporio Ferretero,UBICACION_COMPARTIDA,"-32.4874317, -58.2471598"
192,Panadería y Confitería San Carlos,UBICACION_COMPARTIDA,"-32.48742, -58.24691"
238,Pizzeria Circus,UBICACION_COMPARTIDA,"-32.48742, -58.2468"
317,Emporio Ferretero,UBICACION_COMPARTIDA,"-32.48743, -58.24716"
5,FerreLuz,UBICACION_COMPARTIDA,"-32.4874506, -58.2390815"
318,FerreLuz,UBICACION_COMPARTIDA,"-32.48745, -58.23908"
1016,Flor de Postre sin TACC,UBICACION_COMPARTIDA,"-32.48774, -58.23673"
1388,Bicicletería (Sarmiento 974),UBICACION_COMPARTIDA,"-32.487542, -58.2363883"
609,Los Enas Ropa Deportiva,UBICACION_COMPARTIDA,"-32.4876, -58.23231"
1317,Valemar Servicio Técnico,UBICACION_COMPARTIDA,"-32.4873934, -58.2324028"
276,Parra Pizzeria,UBICACION_COMPARTIDA,"-32.48754, -58.22542"
1021,Parra Pizzeria,UBICACION_COMPARTIDA,"-32.48754, -58.22542"
1529,Pausa Activa,UBICACION_COMPARTIDA,"-32.487217, -58.260209"
1581,Estudio de Danzas Carina Caire - Catalina Breda,UBICACION_COMPARTIDA,"-32.487205, -58.260142"
134,Aires del Campo Cabañas y Hotel,UBICACION_COMPARTIDA,"-32.48683, -58.25434"
1350,Fleming y Martolio Neumáticos,UBICACION_COMPARTIDA,"-32.4870694, -58.2542788"
916,Bicicletería El Caballo De Acero,UBICACION_COMPARTIDA,"-32.48699, -58.25088"
1062,Wok Resto - Bar,UBICACION_COMPARTIDA,"-32.48707, -58.25106"
1431,Restaino Autopartes,UBICACION_COMPARTIDA,"-32.487189, -58.2507699"
842,Alumplast Sucursal Concepción del Uruguay,UBICACION_COMPARTIDA,"-32.48718, -58.24981"
1287,Aluplast - Concepción del Uruguay,UBICACION_COMPARTIDA,"-32.4871794, -58.2498133"
51,Richard - Servicio Mecanico,UBICACION_COMPARTIDA,"-32.4872463, -58.2490376"
789,Garnier Jorge - Muebles,UBICACION_COMPARTIDA,"-32.48684, -58.2488"
1453,Americar,UBICACION_COMPARTIDA,"-32.4869848, -58.2490826"
1454,Grabado de Cristales,UBICACION_COMPARTIDA,"-32.4869848, -58.2490826"
67,Electromecanica Galarza,UBICACION_COMPARTIDA,"-32.4870976, -58.2481152"
903,La Huella Cotillón,UBICACION_COMPARTIDA,"-32.4868, -58.24794"
1368,Autopartes Daniel,UBICACION_COMPARTIDA,"-32.4868385, -58.2469702"
1437,Milano Suspensiones,UBICACION_COMPARTIDA,"-32.4868534, -58.247008"
1377,Forclaz MotoRepuestos,UBICACION_COMPARTIDA,"-32.486895, -58.244842"
1478,Kinesiología Kinefilaxia Kuhn - K3,UBICACION_COMPARTIDA,"-32.487073, -58.2448738"
1429,Rectificaciones Meyer,UBICACION_COMPARTIDA,"-32.4870119, -58.2443797"
1430,Italfiat,UBICACION_COMPARTIDA,"-32.4867874, -58.2447156"
1479,Kinesióloga Dra. Luz Enna Díaz Rodríguez,UBICACION_COMPARTIDA,"-32.4872392, -58.2443123"
72,Uruguay Repuestos,UBICACION_COMPARTIDA,"-32.4869405, -58.2441804"
1435,Centinela SRL,UBICACION_COMPARTIDA,"-32.4868308, -58.2438715"
948,Vivero Esquina Jardín,UBICACION_COMPARTIDA,"-32.48677, -58.24326"
1330,Esquina Jardín,UBICACION_COMPARTIDA,"-32.48677, -58.2432641"
1480,Motum - Kinesiología y Rehabilitación Deportiva,UBICACION_COMPARTIDA,"-32.4871232, -58.2384805"
1495,Osteopatía - Lic. Daniela Muchiutti,UBICACION_COMPARTIDA,"-32.4871141, -58.2384762"
1306,Tapicería 224,UBICACION_COMPARTIDA,"-32.4870981, -58.2378643"
1522,ATENEA Training,UBICACION_COMPARTIDA,"-32.487064, -58.238024"
302,INBICU Laboratory - Institute Biochemist,UBICACION_COMPARTIDA,"-32.48719, -58.2347"
382,Centro de Kinesiología y Gimnasio,UBICACION_COMPARTIDA,"-32.48676, -58.2344"
115,Dog Center Pet Shop,UBICACION_COMPARTIDA,"-32.48714, -58.23344"
176,Mamma Mia,UBICACION_COMPARTIDA,"-32.48724, -58.2333"
379,Centro de Kinesiología y Pilates,UBICACION_COMPARTIDA,"-32.48695, -58.23334"
869,Concepción Viajes y Turismo,UBICACION_COMPARTIDA,"-32.48713, -58.23326"
950,Byggvir,UBICACION_COMPARTIDA,"-32.48707, -58.23345"
770,Walquiria Michel,UBICACION_COMPARTIDA,"-32.48675, -58.23143"
1460,Gianello - Nicolás Gianello Psiquiatría,UBICACION_COMPARTIDA,"-32.4867522, -58.2314252"
1461,FemCare,UBICACION_COMPARTIDA,"-32.4867693, -58.2313798"
794,BodyFree Concepción del Uruguay,UBICACION_COMPARTIDA,"-32.48705, -58.2307"
1144,Renovatio Estética Profesional,UBICACION_COMPARTIDA,"-32.4870655, -58.2307189"
784,Vollaro Repuestos,UBICACION_COMPARTIDA,"-32.48659, -58.24989"
1414,La Casa del Radiador,UBICACION_COMPARTIDA,"-32.4864761, -58.249943"
174,Dolores Costa,UBICACION_COMPARTIDA,"-32.48671, -58.24814"
620,Rotisería Vero Sabores,UBICACION_COMPARTIDA,"-32.48652, -58.24801"
208,Garden Truck,UBICACION_COMPARTIDA,"-32.4862632, -58.2467414"
614,El Fogón de Gabriel,UBICACION_COMPARTIDA,"-32.48657, -58.24673"
187,House Garage,UBICACION_COMPARTIDA,"-32.48641, -58.24578"
1379,Taller CBS Moto,UBICACION_COMPARTIDA,"-32.4863252, -58.2459647"
836,Lubricentro Arcore,UBICACION_COMPARTIDA,"-32.48665, -58.24272"
886,Farmacia Alba,UBICACION_COMPARTIDA,"-32.48637, -58.24272"
932,Banchik León SA,UBICACION_COMPARTIDA,"-32.48664, -58.24263"
480,Estudio Jurídico Almeyra & Klug,UBICACION_COMPARTIDA,"-32.48639, -58.24184"
493,Ropelato Construction Materials - Corralón,UBICACION_COMPARTIDA,"-32.48642, -58.24202"
503,Pinturería Arco Iris,UBICACION_COMPARTIDA,"-32.4864, -58.24193"
507,Electro Aguirre SRL,UBICACION_COMPARTIDA,"-32.48641, -58.24196"
1055,Pizzería Los Presidentes,UBICACION_COMPARTIDA,"-32.48657, -58.24216"
1135,Barberia LC,UBICACION_COMPARTIDA,"-32.4865269, -58.2421053"
548,New History Calzado Unisex,UBICACION_COMPARTIDA,"-32.48635, -58.24162"
729,Zona Tech Concepción,UBICACION_COMPARTIDA,"-32.48632, -58.24147"
36,Inmobiliaria Elsa Guionet,UBICACION_COMPARTIDA,"-32.486281, -58.236548"
678,Inmobiliaria Elsa Guionet,UBICACION_COMPARTIDA,"-32.48631, -58.23655"
308,ODONTOLOGÍA URUGUAY,UBICACION_COMPARTIDA,"-32.48658, -58.23508"
1053,Nueva Concepción,UBICACION_COMPARTIDA,"-32.48659, -58.23519"
34,Cr. Roberto González,UBICACION_COMPARTIDA,"-32.4862752, -58.2344668"
1177,Claudio Gonzalez Estilista,UBICACION_COMPARTIDA,"-32.4866536, -58.2346218"
339,MON CLUB,UBICACION_COMPARTIDA,"-32.48633, -58.2332"
693,Marianela A. Vagge - Lic. en Psicología,UBICACION_COMPARTIDA,"-32.4864, -58.23317"
1044,Vinoteca Albertti,UBICACION_COMPARTIDA,"-32.48638, -58.233"
242,Pizzeria La Nuit,UBICACION_COMPARTIDA,"-32.48628, -58.23089"
395,Oxford Institute,UBICACION_COMPARTIDA,"-32.48653, -58.23102"
48,Taller Mecánico CHICHE,UBICACION_COMPARTIDA,"-32.4859133, -58.2846276"
450,Taller Mecánico CHICHE,UBICACION_COMPARTIDA,"-32.48591, -58.28463"
1353,Del Campo Neumáticos,UBICACION_COMPARTIDA,"-32.4859677, -58.2614817"
1399,Transporte Tim Car,UBICACION_COMPARTIDA,"-32.4860511, -58.2613962"
637,Almacén de Barrio El Grinch,UBICACION_COMPARTIDA,"-32.48603, -58.25569"
714,La Blanquita y Don Gaspar,UBICACION_COMPARTIDA,"-32.48603, -58.25569"
738,CW Gestoría del Automotor,UBICACION_COMPARTIDA,"-32.48603, -58.25569"
47,Taller mecánico Nico,UBICACION_COMPARTIDA,"-32.4861156, -58.2533068"
449,Taller mecánico Nico,UBICACION_COMPARTIDA,"-32.48612, -58.25331"
822,FreshCut,UBICACION_COMPARTIDA,"-32.48586, -58.24833"
1413,If Audio Car,UBICACION_COMPARTIDA,"-32.4860502, -58.2483064"
320,La Casa del Bulon,UBICACION_COMPARTIDA,"-32.48616, -58.24488"
1372,La Consola,UBICACION_COMPARTIDA,"-32.4862419, -58.2451947"
992,Quesería de mi sin ti,UBICACION_COMPARTIDA,"-32.48604, -58.24421"
1384,Fabián González Motos,UBICACION_COMPARTIDA,"-32.4858208, -58.2440142"
214,Concepción sin TACC,UBICACION_COMPARTIDA,"-32.48602, -58.24279"
803,Lubricantes San Miguel,UBICACION_COMPARTIDA,"-32.48589, -58.2428"
801,Latitud Pilates,UBICACION_COMPARTIDA,"-32.48613, -58.24143"
1337,Aqua Shop C del U,UBICACION_COMPARTIDA,"-32.4861031, -58.2413579"
607,Activate Indumentaria Deportiva,UBICACION_COMPARTIDA,"-32.48621, -58.24021"
796,Royy Studio,UBICACION_COMPARTIDA,"-32.48616, -58.24016"
917,Oscar Bikes,UBICACION_COMPARTIDA,"-32.48611, -58.2399"
984,il piccolo - pastas artesanales,UBICACION_COMPARTIDA,"-32.48589, -58.23997"
1146,Medical Esthetic,UBICACION_COMPARTIDA,"-32.48609, -58.2397944"
1165,Giovanni Coiffeur,UBICACION_COMPARTIDA,"-32.4862091, -58.2399092"
1318,Zeta Servicios Ferretería Industrial,UBICACION_COMPARTIDA,"-32.4858939, -58.2399733"
1531,Lineal Estudio de Pilates,UBICACION_COMPARTIDA,"-32.486229, -58.240224"
425,Spiazzi Muebles,UBICACION_COMPARTIDA,"-32.4859, -58.23966"
490,Estudio Cero - Arquitectura e Interiorismo,UBICACION_COMPARTIDA,"-32.48603, -58.23926"
534,Optica Social (9 de Julio),UBICACION_COMPARTIDA,"-32.48609, -58.23956"
169,Pimienta Negra,UBICACION_COMPARTIDA,"-32.48585, -58.23919"
418,Zona Informatica,UBICACION_COMPARTIDA,"-32.48595, -58.239"
555,Floreria Ikebana Envío a Domicilio,UBICACION_COMPARTIDA,"-32.48603, -58.23925"
871,Turismo San Jorge de I. Vitton,UBICACION_COMPARTIDA,"-32.48619, -58.23887"
1345,MatMar Motor Service,UBICACION_COMPARTIDA,"-32.4862049, -58.239022"
224,Su pan,UBICACION_COMPARTIDA,"-32.48584, -58.23788"
897,Farmacia Moderna,UBICACION_COMPARTIDA,"-32.48575, -58.23811"
1488,Pretto Jorge Antonio - Odontólogo,UBICACION_COMPARTIDA,"-32.486011, -58.2380568"
69,Electro Integral Sh de Bertti Miriam y Caire Delio,UBICACION_COMPARTIDA,"-32.4859162, -58.2352833"
368,RENAPER CDR Concepcion del Uruguay,UBICACION_COMPARTIDA,"-32.48583, -58.23554"
394,Dr. Carolina Tobar García Institute (ISFD),UBICACION_COMPARTIDA,"-32.486, -58.23572"
502,Pintureria Uruguay,UBICACION_COMPARTIDA,"-32.48611, -58.23544"
89,Escribania Negri,UBICACION_COMPARTIDA,"-32.4860611, -58.2343802"
247,Carrito Super Lomo,UBICACION_COMPARTIDA,"-32.48608, -58.23465"
304,Centro Bioquimico A y F Ansaldi - Carballo - Cabrera,UBICACION_COMPARTIDA,"-32.4862, -58.23435"
486,Escribania Negri,UBICACION_COMPARTIDA,"-32.48614, -58.23441"
575,Cerrajería Cerrojo de Guillermo Waterloo,UBICACION_COMPARTIDA,"-32.48597, -58.23469"
758,Laboratorio Bioquímico Ansaldi,UBICACION_COMPARTIDA,"-32.48616, -58.23436"
940,Agüero Arquitectura,UBICACION_COMPARTIDA,"-32.48607, -58.23445"
1272,Cerrajería Cerrojo de Guillermo Waterloo,UBICACION_COMPARTIDA,"-32.4859042, -58.2346843"
13,Librería Mafalda,UBICACION_COMPARTIDA,"-32.486108, -58.2338169"
428,Librería Mafalda,UBICACION_COMPARTIDA,"-32.48611, -58.23382"
1128,Mauricio Carrizo,UBICACION_COMPARTIDA,"-32.4857842, -58.2340568"
71,Electro Aguirre Iluminación,UBICACION_COMPARTIDA,"-32.4862147, -58.2334616"
334,Dieciocho Salón de Profesionales,UBICACION_COMPARTIDA,"-32.48615, -58.23366"
219,Flor de postre: Pastelería,UBICACION_COMPARTIDA,"-32.48598, -58.23282"
286,Farmacia Alberdi,UBICACION_COMPARTIDA,"-32.48616, -58.23287"
333,Peluquería Viviana Carolina Estilista,UBICACION_COMPARTIDA,"-32.48577, -58.23284"
686,Pacha Tour,UBICACION_COMPARTIDA,"-32.48615, -58.23302"
971,BAWS,UBICACION_COMPARTIDA,"-32.48588, -58.23286"
1042,Agarrame como puedas,UBICACION_COMPARTIDA,"-32.48583, -58.23289"
74,ESTUDIO JURÍDICO •PIERINA MERCURIO ABOGADA•,UBICACION_COMPARTIDA,"-32.4858424, -58.232701"
91,Nichele Verónica,UBICACION_COMPARTIDA,"-32.4858424, -58.232701"
476,Estudio Jurídico Pierina Mercurio Abogada,UBICACION_COMPARTIDA,"-32.48585, -58.23263"
935,iZone,UBICACION_COMPARTIDA,"-32.48578, -58.23269"
256,Marlo pizza y pasta,UBICACION_COMPARTIDA,"-32.48618, -58.23215"
365,Policia De Entre Ríos,UBICACION_COMPARTIDA,"-32.48594, -58.23175"
980,Al Spiedo,UBICACION_COMPARTIDA,"-32.48616, -58.23211"
80,Estudio Juridico - Saucedo Laura,UBICACION_COMPARTIDA,"-32.4857577, -58.2312621"
346,Barbería On Fire,UBICACION_COMPARTIDA,"-32.48591, -58.23167"
818,Estudio Jurídico Laura A. Saucedo,UBICACION_COMPARTIDA,"-32.48576, -58.23126"
43,Charly Fabre PROPERTY MANAGEMENT,UBICACION_COMPARTIDA,"-32.4857518, -58.226039"
805,Charly Fabre Gestión Inmobiliaria,UBICACION_COMPARTIDA,"-32.48575, -58.22604"
829,OXÍGENO Arte & Fitness,UBICACION_COMPARTIDA,"-32.48566, -58.27266"
1364,"El Nene, Chapa y Pintura",UBICACION_COMPARTIDA,"-32.4856329, -58.2723591"
29,Estudio Contable Bonnin-Francou,UBICACION_COMPARTIDA,"-32.4856966, -58.2433778"
221,Diego Magri: pastelería artesanal,UBICACION_COMPARTIDA,"-32.48531, -58.24334"
154,Bus station in Concepción del Uruguay,UBICACION_COMPARTIDA,"-32.48539, -58.24195"
338,Melina Firpo Estilista y Colorista,UBICACION_COMPARTIDA,"-32.48571, -58.24217"
1137,Barber Shop Blas Martin,UBICACION_COMPARTIDA,"-32.4856476, -58.2419972"
1147,Andrea Colman Nails Studio,UBICACION_COMPARTIDA,"-32.4856712, -58.2422101"
1412,CS Audio Alarmas Baterías,UBICACION_COMPARTIDA,"-32.4854807, -58.2421452"
64,SUELECTRIC Materiales Electricos,UBICACION_COMPARTIDA,"-32.4855479, -58.2414459"
632,Keburgercdu,UBICACION_COMPARTIDA,"-32.4857, -58.24147"
1320,Relax: Colchonería y Blanquería,UBICACION_COMPARTIDA,"-32.4855223, -58.2414413"
1439,Shell (Scelzi y Gral. Galarza),UBICACION_COMPARTIDA,"-32.4853053, -58.2413045"
1442,Flechabus (Terminal de Ómnibus),UBICACION_COMPARTIDA,"-32.4855877, -58.2417164"
629,Cremolatti (Gral. Galarza 1201),UBICACION_COMPARTIDA,"-32.48536, -58.24076"
672,Kiosco A Toda Hora,UBICACION_COMPARTIDA,"-32.4856, -58.24112"
341,San Marcos,UBICACION_COMPARTIDA,"-32.48527, -58.24069"
353,Amancay Estética y Nutrición,UBICACION_COMPARTIDA,"-32.48551, -58.24063"
1164,Lolita,UBICACION_COMPARTIDA,"-32.485349, -58.2402784"
787,Colchonería Ensueño,UBICACION_COMPARTIDA,"-32.4857, -58.2384"
1319,Ensueño Colchonería,UBICACION_COMPARTIDA,"-32.4857017, -58.2384003"
35,Inmobiliaria Galotto,UBICACION_COMPARTIDA,"-32.4856037, -58.2379249"
677,Inmobiliaria Galotto,UBICACION_COMPARTIDA,"-32.48553, -58.23779"
775,Pomelo Accesorios,UBICACION_COMPARTIDA,"-32.48562, -58.23798"
780,Dr Computers Instituto de Computación,UBICACION_COMPARTIDA,"-32.48546, -58.23801"
1327,Prevención 24,UBICACION_COMPARTIDA,"-32.4856009, -58.2379533"
1470,Consultorios Médicos Chacabuco 31 (Endocrinología/Medicina General/Odontología/Nutrición/Quiropraxia/Kinesiología),UBICACION_COMPARTIDA,"-32.485311, -58.2381828"
112,Agroveterinaria 9 de Julio de Argacha Hirinson,UBICACION_COMPARTIDA,"-32.48553, -58.23749"
511,Iglesia Evangélica del Río de la Plata Concepción del Uruguay,UBICACION_COMPARTIDA,"-32.48563, -58.2376"
550,Juguetería Nico (9 de Julio),UBICACION_COMPARTIDA,"-32.48563, -58.2376"
572,Molino Concepción S.A.,UBICACION_COMPARTIDA,"-32.48563, -58.2376"
661,Bazar Maravillas Sucursal,UBICACION_COMPARTIDA,"-32.48567, -58.23734"
682,RUS Seguros,UBICACION_COMPARTIDA,"-32.48563, -58.2376"
721,Cofre de Belleza,UBICACION_COMPARTIDA,"-32.48572, -58.23759"
769,Chocolandia,UBICACION_COMPARTIDA,"-32.48552, -58.23738"
934,Agroveterinaria 9 de Julio,UBICACION_COMPARTIDA,"-32.4856, -58.2375"
203,Tres perros,UBICACION_COMPARTIDA,"-32.4854241, -58.236983"
786,Todo para el Tapicero - Todo Blanco Colchonería,UBICACION_COMPARTIDA,"-32.48542, -58.23693"
1304,Todo Para el Tapicero / Todo Blanco,UBICACION_COMPARTIDA,"-32.4854211, -58.2369256"
439,ConsuMax,UBICACION_COMPARTIDA,"-32.48545, -58.23641"
546,Retro Live (Calzados),UBICACION_COMPARTIDA,"-32.48552, -58.2365"
547,Cuba Shoes,UBICACION_COMPARTIDA,"-32.48555, -58.23666"
554,Patapatín,UBICACION_COMPARTIDA,"-32.48554, -58.23661"
658,Bazar Mauricio,UBICACION_COMPARTIDA,"-32.48553, -58.23657"
411,Medina Roberto Indumentaria,UBICACION_COMPARTIDA,"-32.48538, -58.23594"
438,Crédito Argentino,UBICACION_COMPARTIDA,"-32.48531, -58.23625"
918,Red SPORT,UBICACION_COMPARTIDA,"-32.4853, -58.23625"
162,Papa Luigi,UBICACION_COMPARTIDA,"-32.48573, -58.23536"
342,New Empire Barbershop,UBICACION_COMPARTIDA,"-32.48526, -58.2353"
606,Retro Deportes,UBICACION_COMPARTIDA,"-32.48537, -58.23564"
559,Floreria la Celia,UBICACION_COMPARTIDA,"-32.48541, -58.23465"
662,Baccaro,UBICACION_COMPARTIDA,"-32.48568, -58.23427"
740,DMP Gestoría del Automotor y el Motovehículo,UBICACION_COMPARTIDA,"-32.48564, -58.23451"
828,Personal Trainer Zone,UBICACION_COMPARTIDA,"-32.48541, -58.23456"
83,Escribania Vaccalluzzo,UBICACION_COMPARTIDA,"-32.4857046, -58.2342058"
136,Banco de la Nación Argentina,UBICACION_COMPARTIDA,"-32.4856, -58.23376"
484,Escribania Vaccalluzzo,UBICACION_COMPARTIDA,"-32.48565, -58.23412"
463,Biblioteca Popular El Porvenir,UBICACION_COMPARTIDA,"-32.48547, -58.23331"
927,Librería Congreso,UBICACION_COMPARTIDA,"-32.48547, -58.23362"
1195,Silvi Glamour y Alisados,UBICACION_COMPARTIDA,"-32.4856874, -58.2333365"
179,El Danubio Azul,UBICACION_COMPARTIDA,"-32.48559, -58.23291"
589,Dc Gráfica Digital,UBICACION_COMPARTIDA,"-32.4857, -58.2332"
707,Para ir Picando,UBICACION_COMPARTIDA,"-32.48558, -58.23296"
727,MV Celulares,UBICACION_COMPARTIDA,"-32.48563, -58.23302"
186,Bartolo Bar,UBICACION_COMPARTIDA,"-32.48566, -58.23272"
985,Club Social,UBICACION_COMPARTIDA,"-32.48548, -58.23254"
1004,Parador Plaza,UBICACION_COMPARTIDA,"-32.48568, -58.2327"
363,Jefatura de Policía,UBICACION_COMPARTIDA,"-32.48555, -58.23214"
367,Municipalidad de Concepción del Uruguay,UBICACION_COMPARTIDA,"-32.4854, -58.2318"
356,Poder Judicial de la Provincia de Entre Ríos,UBICACION_COMPARTIDA,"-32.4853, -58.23127"
369,Registro de la Propiedad Inmueble,UBICACION_COMPARTIDA,"-32.4853, -58.23127"
650,Dietética y Herboristería Media Mañana,UBICACION_COMPARTIDA,"-32.48563, -58.23115"
762,Librería Papiros,UBICACION_COMPARTIDA,"-32.48557, -58.23125"
198,Rotisería + MAS SABOR - Comidas para llevar - Viandas,UBICACION_COMPARTIDA,"-32.48553, -58.22949"
896,Farmacia Harispe,UBICACION_COMPARTIDA,"-32.48548, -58.22931"
38,Inmobiliaria Ramirez Muñoz & Cia,UBICACION_COMPARTIDA,"-32.4855592, -58.2286491"
679,Inmobiliaria Ramírez Muñoz & Cía,UBICACION_COMPARTIDA,"-32.48555, -58.22874"
1156,Javiera Osti Estetic,UBICACION_COMPARTIDA,"-32.4852747, -58.2246338"
1359,Electromecánica Arregui,UBICACION_COMPARTIDA,"-32.4853979, -58.224311"
700,El rancho oriental,UBICACION_COMPARTIDA,"-32.48497, -58.24359"
790,Centro Especializado de Natación,UBICACION_COMPARTIDA,"-32.48516, -58.24337"
260,Apart Hotel Bonato,UBICACION_COMPARTIDA,"-32.48486, -58.242"
1197,Studio Agus Lash,UBICACION_COMPARTIDA,"-32.4848603, -58.2421086"
1392,Remises Del Valle,UBICACION_COMPARTIDA,"-32.4848745, -58.2420553"
1393,Servi-Mas (Remises),UBICACION_COMPARTIDA,"-32.4848377, -58.2419046"
27,AZARIO ESTUDIO CONTABLE,UBICACION_COMPARTIDA,"-32.4850024, -58.240099"
66,La casa del Encendido,UBICACION_COMPARTIDA,"-32.4852021, -58.2401751"
953,Libreria Alem,UBICACION_COMPARTIDA,"-32.48503, -58.23986"
193,Confitería La Cuadra,UBICACION_COMPARTIDA,"-32.48486, -58.23828"
306,Laboratorio Gamma Nuclear,UBICACION_COMPARTIDA,"-32.48494, -58.2387"
618,Rotiseria la Croqueta,UBICACION_COMPARTIDA,"-32.48509, -58.23849"
429,Libreria Partenon Técnico Artístico Escolar,UBICACION_COMPARTIDA,"-32.48485, -58.23811"
434,IAPSER Seguros - Concepción del Uruguay,UBICACION_COMPARTIDA,"-32.48494, -58.23781"
500,Pinturerías del Centro,UBICACION_COMPARTIDA,"-32.48486, -58.23775"
505,Pintureria Adrian,UBICACION_COMPARTIDA,"-32.48486, -58.23775"
506,Chareun Instalaciones,UBICACION_COMPARTIDA,"-32.48486, -58.23775"
593,Smart Cel,UBICACION_COMPARTIDA,"-32.48486, -58.23775"
666,She Glow,UBICACION_COMPARTIDA,"-32.48486, -58.23775"
952,Libreria Artistica Nereidas,UBICACION_COMPARTIDA,"-32.48484, -58.23798"
645,Dietética Puiggari,UBICACION_COMPARTIDA,"-32.48481, -58.23745"
669,De Menta y Limón,UBICACION_COMPARTIDA,"-32.48485, -58.23774"
140,BBVA,UBICACION_COMPARTIDA,"-32.48509, -58.23503"
435,Rio Uruguay Cooperativa De Seguros Limitada,UBICACION_COMPARTIDA,"-32.48488, -58.23482"
137,Macro Sucursal Concepción del Uruguay,UBICACION_COMPARTIDA,"-32.48525, -58.23453"
138,Credicoop Bank Coop Ltdo,UBICACION_COMPARTIDA,"-32.48514, -58.23444"
142,Banco Patagonia,UBICACION_COMPARTIDA,"-32.48509, -58.23427"
888,Farmacia Argentina,UBICACION_COMPARTIDA,"-32.48516, -58.23472"
358,Defensoría Pública Oficial ante el Juzgado Federal de Primera Instancia de Concepción del Uruguay,UBICACION_COMPARTIDA,"-32.48504, -58.23398"
755,San Remo,UBICACION_COMPARTIDA,"-32.48492, -58.23416"
907,LM Celulares,UBICACION_COMPARTIDA,"-32.48505, -58.23411"
14,Libreria Proa,UBICACION_COMPARTIDA,"-32.4852166, -58.2337146"
426,Libreria Proa,UBICACION_COMPARTIDA,"-32.48522, -58.23371"
878,Calzados Dinastía,UBICACION_COMPARTIDA,"-32.48499, -58.2337"
94,Basílica Menor Inmaculada Concepción,UBICACION_COMPARTIDA,"-32.48515, -58.23306"
156,Heladería Dany's,UBICACION_COMPARTIDA,"-32.48499, -58.23304"
163,Bella Vista,UBICACION_COMPARTIDA,"-32.4849, -58.23304"
491,Gisela Sack Estudio de Arquitectura,UBICACION_COMPARTIDA,"-32.48519, -58.23202"
495,La Clarita - Construction Materials,UBICACION_COMPARTIDA,"-32.48519, -58.23202"
525,Jardín Maternal Personitas,UBICACION_COMPARTIDA,"-32.48519, -58.23202"
540,Joyeria Paris J Akrich SH,UBICACION_COMPARTIDA,"-32.48519, -58.23202"
569,Planta Concepción del Uruguay Molinos,UBICACION_COMPARTIDA,"-32.48519, -58.23202"
571,La Sampedrina S.A.,UBICACION_COMPARTIDA,"-32.48519, -58.23202"
579,Gomería Puerto Viejo,UBICACION_COMPARTIDA,"-32.48519, -58.23202"
580,La Chamarrita Gomería,UBICACION_COMPARTIDA,"-32.48519, -58.23202"
581,Gomería - Recapados El Misionero,UBICACION_COMPARTIDA,"-32.48519, -58.23202"
584,Gomería Primeros Auxilios,UBICACION_COMPARTIDA,"-32.48519, -58.23202"
617,1077 Rotisería,UBICACION_COMPARTIDA,"-32.48519, -58.23202"
640,Autoservicio Del Alto,UBICACION_COMPARTIDA,"-32.48519, -58.23202"
670,Pandora - Ropa de bebés y niños,UBICACION_COMPARTIDA,"-32.48519, -58.23202"
701,Parrilla Luisito,UBICACION_COMPARTIDA,"-32.48519, -58.23202"
724,Pequitas Boutique,UBICACION_COMPARTIDA,"-32.48519, -58.23202"
735,Casa del Menor,UBICACION_COMPARTIDA,"-32.48519, -58.23202"
962,Complejo Aguas Claras,UBICACION_COMPARTIDA,"-32.48519, -58.23202"
143,Banco Santander,UBICACION_COMPARTIDA,"-32.48489, -58.23114"
269,Atelier London,UBICACION_COMPARTIDA,"-32.48506, -58.2311"
983,Atelier London,UBICACION_COMPARTIDA,"-32.48506, -58.2311"
536,Cornealent Concepción,UBICACION_COMPARTIDA,"-32.48478, -58.22984"
925,Grumete Apart Hotel,UBICACION_COMPARTIDA,"-32.48514, -58.23012"
496,Nuevo Corralon los Boulevares,UBICACION_COMPARTIDA,"-32.48442, -58.25039"
512,Iglesia Asamblea de Dios 248,UBICACION_COMPARTIDA,"-32.48442, -58.25039"
612,Veterinaria La Querencia,UBICACION_COMPARTIDA,"-32.48442, -58.25039"
660,Olimpio,UBICACION_COMPARTIDA,"-32.48442, -58.25039"
216,PANADERIA LA POSADA,UBICACION_COMPARTIDA,"-32.4844152, -58.2466069"
1131,FilóUrbano.barbeshop,UBICACION_COMPARTIDA,"-32.484672, -58.2465558"
857,Herrería y Metalúrgica Beck,UBICACION_COMPARTIDA,"-32.48463, -58.24258"
1279,Herrería y Metalúrgica Beck,UBICACION_COMPARTIDA,"-32.4846304, -58.2425745"
1005,Lomitos Santiagueños,UBICACION_COMPARTIDA,"-32.48453, -58.23934"
1496,Kinesióloga - Estética y Masajes,UBICACION_COMPARTIDA,"-32.4844388, -58.2396736"
688,Elegant Tour,UBICACION_COMPARTIDA,"-32.48444, -58.23925"
723,Artística Artemisa,UBICACION_COMPARTIDA,"-32.48436, -58.2388"
381,Kinesiología y fisiatría: Luciano Javier Lucero,UBICACION_COMPARTIDA,"-32.48442, -58.23855"
911,Viganoni Patricia,UBICACION_COMPARTIDA,"-32.48442, -58.23866"
1326,Tech Seguridad Electrónica,UBICACION_COMPARTIDA,"-32.4843429, -58.2383695"
415,Catalina Rebecca,UBICACION_COMPARTIDA,"-32.48465, -58.23714"
1045,Vinoteca Grandparents,UBICACION_COMPARTIDA,"-32.48466, -58.23691"
88,Dominutti de Bisogni Olga,UBICACION_COMPARTIDA,"-32.4846035, -58.2366032"
265,Casa Mboyeré Hostal,UBICACION_COMPARTIDA,"-32.48442, -58.23644"
436,CREDIL,UBICACION_COMPARTIDA,"-32.4847, -58.23644"
532,Optica Gregori,UBICACION_COMPARTIDA,"-32.48463, -58.23637"
122,Power Gym,UBICACION_COMPARTIDA,"-32.48444, -58.23604"
231,Grido helado,UBICACION_COMPARTIDA,"-32.48472, -58.23599"
303,Laboratorio Bioquímico IZAGO,UBICACION_COMPARTIDA,"-32.48451, -58.23608"
419,Radio Mecano,UBICACION_COMPARTIDA,"-32.48451, -58.23578"
1143,SPA FranSIs,UBICACION_COMPARTIDA,"-32.4845128, -58.2361426"
1178,Luis Jones Internacional,UBICACION_COMPARTIDA,"-32.4846557, -58.2362278"
668,Pequeños Mimosos,UBICACION_COMPARTIDA,"-32.4845, -58.23539"
685,Almundo Concepción del Uruguay,UBICACION_COMPARTIDA,"-32.4846, -58.23555"
489,1EN1 Arquitectura,UBICACION_COMPARTIDA,"-32.48469, -58.23475"
663,Portulaca,UBICACION_COMPARTIDA,"-32.48439, -58.23518"
529,Bilingual Institute Republic of Italy,UBICACION_COMPARTIDA,"-32.48451, -58.23459"
537,Joyería Relojería Le Brum,UBICACION_COMPARTIDA,"-32.48425, -58.23435"
545,Valhalla Calzados,UBICACION_COMPARTIDA,"-32.48426, -58.23443"
16,Librería del Colegio,UBICACION_COMPARTIDA,"-32.4844482, -58.2339686"
97,Colegio Superior del Uruguay 'Justo José de Urquiza',UBICACION_COMPARTIDA,"-32.48446, -58.23378"
401,Facultad de Ciencias de la Gestión - UADER,UBICACION_COMPARTIDA,"-32.48464, -58.23381"
100,Plaza General Francisco Ramírez,UBICACION_COMPARTIDA,"-32.48456, -58.23212"
859,Fletes H&P,UBICACION_COMPARTIDA,"-32.48461, -58.23207"
1343,Mole Construcciones,UBICACION_COMPARTIDA,"-32.484535, -58.232143"
1423,Mensajería Uruguay,UBICACION_COMPARTIDA,"-32.4845349, -58.2321416"
1459,Caren Bianchi - Lic. en Psicología,UBICACION_COMPARTIDA,"-32.4846054, -58.2320707"
30,ESTUDIO EMBON,UBICACION_COMPARTIDA,"-32.4845856, -58.2305201"
396,Imagine (Instituto de inglés),UBICACION_COMPARTIDA,"-32.48459, -58.23052"
1261,José Electricidad del Automóvil,UBICACION_COMPARTIDA,"-32.4839736, -58.2498059"
1286,Olivi Amoblamientos,UBICACION_COMPARTIDA,"-32.4838561, -58.2497544"
553,Juguetería Mauricio,UBICACION_COMPARTIDA,"-32.4839, -58.23393"
651,Raffe Perfumerías,UBICACION_COMPARTIDA,"-32.48422, -58.23392"
655,Premium Distribuidora Shop,UBICACION_COMPARTIDA,"-32.48409, -58.23389"
726,Elibel,UBICACION_COMPARTIDA,"-32.48392, -58.23402"
899,Farmacia Popular,UBICACION_COMPARTIDA,"-32.48415, -58.23403"
929,Estudio Jurídico Integral Satto & Asoc.,UBICACION_COMPARTIDA,"-32.48392, -58.23397"
234,Heladeria Bahillo,UBICACION_COMPARTIDA,"-32.48405, -58.23349"
552,Jugueteria Nico (Gral. Galarza),UBICACION_COMPARTIDA,"-32.4841, -58.23371"
906,Electrodomésticos El Entrerriano,UBICACION_COMPARTIDA,"-32.48407, -58.23363"
76,Abogada Tatiana Bozzolo - Estudio Juridico y Centro de Mediacion,UBICACION_COMPARTIDA,"-32.483948, -58.2328448"
166,La Ris,UBICACION_COMPARTIDA,"-32.4839406, -58.2329887"
168,Sanduba,UBICACION_COMPARTIDA,"-32.4839, -58.23286"
182,Helena Café Resto,UBICACION_COMPARTIDA,"-32.48401, -58.23322"
861,Fletes Va-Lejo,UBICACION_COMPARTIDA,"-32.48382, -58.23303"
939,Tomassi Sergio G. - Manzán Héctor M.,UBICACION_COMPARTIDA,"-32.48382, -58.23303"
144,Western Union,UBICACION_COMPARTIDA,"-32.48396, -58.23264"
370,Correo Argentino - Sucursal Concepción del Uruguay,UBICACION_COMPARTIDA,"-32.48385, -58.23236"
180,Nero Café de especialidad,UBICACION_COMPARTIDA,"-32.48395, -58.23131"
183,London,UBICACION_COMPARTIDA,"-32.48376, -58.2316"
402,UNER Sede Concepción del Uruguay,UBICACION_COMPARTIDA,"-32.48409, -58.23129"
406,Instituto iCIEC,UBICACION_COMPARTIDA,"-32.48386, -58.23133"
430,CECOM (Centro Comercial),UBICACION_COMPARTIDA,"-32.48395, -58.23131"
96,Museo Andrés García (MHN),UBICACION_COMPARTIDA,"-32.48394, -58.23079"
464,Museo de la Ciudad,UBICACION_COMPARTIDA,"-32.4838, -58.23083"
1492,"Espacio Saludable - Quiropraxia, Kinesiología, RPG",UBICACION_COMPARTIDA,"-32.4840004, -58.2291085"
1493,Diego Rode - Quiropráctico,UBICACION_COMPARTIDA,"-32.4839942, -58.2291156"
1494,LogicaPostural - Quiropráctico,UBICACION_COMPARTIDA,"-32.4839511, -58.2291485"
602,Taj,UBICACION_COMPARTIDA,"-32.48392, -58.22777"
865,Ardoy & Asociados,UBICACION_COMPARTIDA,"-32.48378, -58.22781"
392,Ps. Lemos Milagros,UBICACION_COMPARTIDA,"-32.48357, -58.23678"
1274,Cerrajería San Pedro,UBICACION_COMPARTIDA,"-32.483404, -58.2370481"
441,Fast Cred,UBICACION_COMPARTIDA,"-32.48371, -58.2359"
673,Kiosco Wonka,UBICACION_COMPARTIDA,"-32.48337, -58.23579"
728,Black On Line,UBICACION_COMPARTIDA,"-32.48345, -58.23587"
749,El Moro Pizza,UBICACION_COMPARTIDA,"-32.4833, -58.23581"
440,Cooperativa de Crédito Palmares Limitada,UBICACION_COMPARTIDA,"-32.48346, -58.23485"
746,Kinkito Peatonal,UBICACION_COMPARTIDA,"-32.48363, -58.23486"
535,Optica Peatonal,UBICACION_COMPARTIDA,"-32.48347, -58.23406"
551,Juguetería Mundo Didáctico,UBICACION_COMPARTIDA,"-32.48366, -58.23407"
652,Perfumería Los 95,UBICACION_COMPARTIDA,"-32.48345, -58.23398"
890,Farmacia Central,UBICACION_COMPARTIDA,"-32.48339, -58.23399"
893,Farmacia Con Salud Perfumería,UBICACION_COMPARTIDA,"-32.4834, -58.234"
986,Dulzuras,UBICACION_COMPARTIDA,"-32.48339, -58.23385"
228,Heladeria Suiza,UBICACION_COMPARTIDA,"-32.48355, -58.23359"
230,Marcela V Damilano,UBICACION_COMPARTIDA,"-32.48342, -58.23333"
541,Joyeria Brutten,UBICACION_COMPARTIDA,"-32.48345, -58.23354"
819,Estudio Jurídico Erpen Arnaldo Aníbal,UBICACION_COMPARTIDA,"-32.48342, -58.23333"
413,Kalahari Indumentaria,UBICACION_COMPARTIDA,"-32.48356, -58.23313"
773,Gabioud,UBICACION_COMPARTIDA,"-32.48336, -58.23287"
31,Estudio Contable Francou Terrile,UBICACION_COMPARTIDA,"-32.4836228, -58.2315946"
204,Tilcara,UBICACION_COMPARTIDA,"-32.48373, -58.2316"
410,Kairós Ind (indumentaria),UBICACION_COMPARTIDA,"-32.48352, -58.23136"
604,CBDeportes,UBICACION_COMPARTIDA,"-32.48342, -58.23154"
777,The Mix Tienda,UBICACION_COMPARTIDA,"-32.48346, -58.23141"
900,Farmacia Ramírez,UBICACION_COMPARTIDA,"-32.48363, -58.2314"
1057,Locos x las papas,UBICACION_COMPARTIDA,"-32.48354, -58.23139"
357,Juzgado Federal de Concepción del Uruguay N°1,UBICACION_COMPARTIDA,"-32.48358, -58.23085"
359,Juzgado Federal de Concepción del Uruguay N°2,UBICACION_COMPARTIDA,"-32.48352, -58.23076"
95,Museo Casa Delio Panizza (MHN),UBICACION_COMPARTIDA,"-32.48349, -58.23055"
294,Clínica Uruguay SRL,UBICACION_COMPARTIDA,"-32.48342, -58.23028"
759,Mingillo,UBICACION_COMPARTIDA,"-32.48349, -58.23027"
919,Centro de Estudios y Rehabilitación Cardiovascular,UBICACION_COMPARTIDA,"-32.48342, -58.23028"
1464,"Dr. Barbara, Francisco - Urólogo",UBICACION_COMPARTIDA,"-32.4834907, -58.2302891"
1516,Centro Tomográfico Uruguay SRL,UBICACION_COMPARTIDA,"-32.4834228, -58.2302791"
310,Instituto Odontológico HVT,UBICACION_COMPARTIDA,"-32.48345, -58.23001"
376,Dr Parra Fernando - Servicio de Diagnostico Por Imagenes,UBICACION_COMPARTIDA,"-32.48371, -58.23005"
378,RESONANCIA MAGNETICA DEL URUGUAY,UBICACION_COMPARTIDA,"-32.48346, -58.23017"
1145,Aurora Catalina,UBICACION_COMPARTIDA,"-32.4833188, -58.2298496"
1515,"Dr. Fonseca, Jorge Ignacio - Diagnóstico por Imágenes",UBICACION_COMPARTIDA,"-32.4834677, -58.2301811"
468,Plaza J. J. Urquiza,UBICACION_COMPARTIDA,"-32.48365, -58.22496"
469,Placita Urquiza,UBICACION_COMPARTIDA,"-32.4836, -58.22514"
921,Costa Uruguay Turismo,UBICACION_COMPARTIDA,"-32.48321, -58.2433"
988,Fiambrería Don Jamón,UBICACION_COMPARTIDA,"-32.48321, -58.2433"
691,Doctora Carla Berwart,UBICACION_COMPARTIDA,"-32.48318, -58.23851"
1474,Consultorio Dra Julia Berwart,UBICACION_COMPARTIDA,"-32.4832037, -58.2385836"
531,Optica Social (8 de Junio),UBICACION_COMPARTIDA,"-32.48292, -58.23517"
808,Navoni Propiedades,UBICACION_COMPARTIDA,"-32.48286, -58.23499"
995,El Rincón del Queso,UBICACION_COMPARTIDA,"-32.48293, -58.23523"
1129,"Peluquería ""Mariela""",UBICACION_COMPARTIDA,"-32.4828434, -58.2349013"
1186,NARCIZZA.NAILS,UBICACION_COMPARTIDA,"-32.4829881, -58.2349929"
407,EET Nº1 Ana Urquiza de Victorica,UBICACION_COMPARTIDA,"-32.48282, -58.23347"
709,Chi Pan,UBICACION_COMPARTIDA,"-32.48283, -58.23347"
722,Esther (bijouterie),UBICACION_COMPARTIDA,"-32.4832, -58.23327"
885,Veterinaria Cachorros,UBICACION_COMPARTIDA,"-32.48325, -58.23333"
1505,Geriátrico Residencia La Casa de Betty,UBICACION_COMPARTIDA,"-32.48325, -58.233334"
90,Colegio de Escribanos de Entre Rios,UBICACION_COMPARTIDA,"-32.483, -58.233"
92,Gluschancoff Mario Jose,UBICACION_COMPARTIDA,"-32.483, -58.233"
420,TECNO SIGOT,UBICACION_COMPARTIDA,"-32.48323, -58.23305"
437,Credife,UBICACION_COMPARTIDA,"-32.48304, -58.23322"
654,Simplicity,UBICACION_COMPARTIDA,"-32.48323, -58.23278"
1444,Electromecánica Huck,UBICACION_COMPARTIDA,"-32.483, -58.233"
1468,Dr Watters Carlos J,UBICACION_COMPARTIDA,"-32.483, -58.233"
1469,Pascal Hugo,UBICACION_COMPARTIDA,"-32.483, -58.233"
12,Libreria Universal. Café y libros,UBICACION_COMPARTIDA,"-32.483038, -58.232541"
101,La Peatonal Rocamora,UBICACION_COMPARTIDA,"-32.48323, -58.2326"
544,Calzados Ra-Car,UBICACION_COMPARTIDA,"-32.4832, -58.23265"
656,Librería Universal - Café y Libros,UBICACION_COMPARTIDA,"-32.48295, -58.23249"
659,Bazar Maravillas,UBICACION_COMPARTIDA,"-32.48307, -58.23231"
664,Givreco,UBICACION_COMPARTIDA,"-32.48325, -58.23234"
757,Foto Óptica Royal,UBICACION_COMPARTIDA,"-32.48289, -58.23261"
877,Calzados El Juanete,UBICACION_COMPARTIDA,"-32.48325, -58.23268"
1060,Punto Saludable,UBICACION_COMPARTIDA,"-32.48292, -58.23239"
129,Gran Texier Hotel Casino,UBICACION_COMPARTIDA,"-32.48284, -58.23152"
201,NISO RESTOBAR,UBICACION_COMPARTIDA,"-32.4828163, -58.2316689"
259,Hotel Plaza Carlos 1,UBICACION_COMPARTIDA,"-32.48278, -58.23169"
267,Big Lola,UBICACION_COMPARTIDA,"-32.4831, -58.2315"
974,Big Lola,UBICACION_COMPARTIDA,"-32.4831, -58.2315"
372,VIDA Emergencias Medicas Cooperativa Ltda.,UBICACION_COMPARTIDA,"-32.48304, -58.23098"
683,San Cristóbal Seguros,UBICACION_COMPARTIDA,"-32.48297, -58.23117"
1499,Medicina Laboral,UBICACION_COMPARTIDA,"-32.483037, -58.230985"
290,Farmacia Modelo,UBICACION_COMPARTIDA,"-32.48307, -58.23063"
299,Clínica De Ojos Concepción del Uruguay,UBICACION_COMPARTIDA,"-32.48292, -58.23051"
515,Iglesia Transformados,UBICACION_COMPARTIDA,"-32.48281, -58.23031"
776,Clínica Oftalmológica Dra. Rosso,UBICACION_COMPARTIDA,"-32.48287, -58.23041"
1489,Optica Social (Rocamora),UBICACION_COMPARTIDA,"-32.4827791, -58.2305932"
275,Pizzeria Me Gusta,UBICACION_COMPARTIDA,"-32.48282, -58.22568"
1020,Pizzería Me Gusta,UBICACION_COMPARTIDA,"-32.48282, -58.22568"
1,Bulonera Uruguay,UBICACION_COMPARTIDA,"-32.4824818, -58.2434414"
715,La Estancia Carnicería,UBICACION_COMPARTIDA,"-32.4824, -58.24328"
1041,Mi princesita sándwich de miga,UBICACION_COMPARTIDA,"-32.48237, -58.24354"
1371,Folocars Repuestos Automotor,UBICACION_COMPARTIDA,"-32.4825782, -58.2433802"
716,Verdulería Lunita,UBICACION_COMPARTIDA,"-32.48249, -58.23722"
1325,Taller de Cocinas,UBICACION_COMPARTIDA,"-32.4824736, -58.2368403"
244,Cosa Nostra CDelU - Fiambrería,UBICACION_COMPARTIDA,"-32.48243, -58.23612"
336,Mr Anderson Barber Team (Posadas),UBICACION_COMPARTIDA,"-32.48242, -58.23598"
404,Eddis Educativa Concepción Del Uruguay,UBICACION_COMPARTIDA,"-32.48244, -58.23596"
574,Bonnet Cerrajería,UBICACION_COMPARTIDA,"-32.48264, -58.23592"
912,Mardon Enrique Arturo,UBICACION_COMPARTIDA,"-32.48244, -58.2359"
1027,Imperio del Pollo,UBICACION_COMPARTIDA,"-32.48248, -58.23607"
1271,Bonnet Cerrajeria,UBICACION_COMPARTIDA,"-32.4826961, -58.2359264"
1491,Optica Luz,UBICACION_COMPARTIDA,"-32.4824333, -58.2359176"
139,Galicia - Sucursal Concepción del Uruguay,UBICACION_COMPARTIDA,"-32.4827, -58.23412"
161,EL ARCA - Resto Bar,UBICACION_COMPARTIDA,"-32.48231, -58.23425"
461,Auditorio Municipal Carlos María Scelzi,UBICACION_COMPARTIDA,"-32.48254, -58.23355"
908,Maternidad Concepción,UBICACION_COMPARTIDA,"-32.48228, -58.23329"
1040,Sandwichería Santa Sofía,UBICACION_COMPARTIDA,"-32.48266, -58.2333"
148,RAPIPAGO,UBICACION_COMPARTIDA,"-32.48257, -58.23242"
248,HAMBURGO HAMBURGUESERIA,UBICACION_COMPARTIDA,"-32.48239, -58.23264"
268,Casa Coco café restó,UBICACION_COMPARTIDA,"-32.48254, -58.23264"
603,Bufalo S.A.,UBICACION_COMPARTIDA,"-32.48274, -58.23244"
676,Kiosco Cabe,UBICACION_COMPARTIDA,"-32.48252, -58.23248"
982,Casa Coco café restó,UBICACION_COMPARTIDA,"-32.48254, -58.23264"
1043,Vinoteca Satto,UBICACION_COMPARTIDA,"-32.48271, -58.23238"
1133,Barbería San Andreas,UBICACION_COMPARTIDA,"-32.482603, -58.2324477"
250,Angus Hamburguesas,UBICACION_COMPARTIDA,"-32.48227, -58.23193"
557,Floreria Capurro,UBICACION_COMPARTIDA,"-32.48238, -58.23222"
591,Gráfica - La Ocasión,UBICACION_COMPARTIDA,"-32.48238, -58.23222"
597,Salomé Guerrero Nutricionista,UBICACION_COMPARTIDA,"-32.48236, -58.23214"
289,People's Pharmacy,UBICACION_COMPARTIDA,"-32.48237, -58.2284"
635,BRODE Almacén Boutique,UBICACION_COMPARTIDA,"-32.48256, -58.2284"
697,Dra. Griselda Bracco,UBICACION_COMPARTIDA,"-32.48251, -58.2287"
1132,Peluqueria Lois Women,UBICACION_COMPARTIDA,"-32.482429, -58.228539"
285,Farmacias Villegas Del Pueblo 1,UBICACION_COMPARTIDA,"-32.48235, -58.22822"
398,ACUDEI,UBICACION_COMPARTIDA,"-32.48229, -58.22801"
800,CoreMove Pilates & Funcional,UBICACION_COMPARTIDA,"-32.48241, -58.22775"
477,Estudio Jurídico Sofía A. Boffelli,UBICACION_COMPARTIDA,"-32.48259, -58.22432"
598,Nutricionista Melanie Martínez,UBICACION_COMPARTIDA,"-32.48259, -58.22432"
282,Ricura Camp,UBICACION_COMPARTIDA,"-32.48193, -58.26897"
1012,Ricura Camp,UBICACION_COMPARTIDA,"-32.48193, -58.26898"
49,Yamil Servicio Mecánico,UBICACION_COMPARTIDA,"-32.4822321, -58.2459257"
448,Yamil Servicio Mecánico,UBICACION_COMPARTIDA,"-32.48223, -58.24593"
884,Belfos Clínica Veterinaria,UBICACION_COMPARTIDA,"-32.48195, -58.24307"
946,Lubriservice Carosini,UBICACION_COMPARTIDA,"-32.48195, -58.24307"
588,Gráfica Rode,UBICACION_COMPARTIDA,"-32.48205, -58.23837"
739,Gestoría Integral,UBICACION_COMPARTIDA,"-32.48203, -58.23829"
924,Alma Vintage,UBICACION_COMPARTIDA,"-32.482, -58.23861"
118,Gimnasio 538 (sede 14 de Julio),UBICACION_COMPARTIDA,"-32.48191, -58.236"
521,Jardin Tribilin,UBICACION_COMPARTIDA,"-32.48217, -58.23611"
130,Hotel | Lourd Mary | Hotel Boutique,UBICACION_COMPARTIDA,"-32.48224, -58.23486"
1168,Ifp Estética,UBICACION_COMPARTIDA,"-32.4820631, -58.2349856"
487,Colegio de Escribanos de Entre Ríos,UBICACION_COMPARTIDA,"-32.48224, -58.2343"
913,Bicicletería BIAGI,UBICACION_COMPARTIDA,"-32.48186, -58.23433"
725,Piticutis,UBICACION_COMPARTIDA,"-32.4822, -58.23349"
1579,The Big-Bang Dance,UBICACION_COMPARTIDA,"-32.481992, -58.233611"
85,Escribania Vallarino,UBICACION_COMPARTIDA,"-32.4822311, -58.2324457"
251,Sumeria sushi,UBICACION_COMPARTIDA,"-32.4822, -58.23269"
482,Escribania Vallarino,UBICACION_COMPARTIDA,"-32.48219, -58.23255"
298,Cedyt SRL,UBICACION_COMPARTIDA,"-32.48187, -58.23187"
377,Centro De Diagnóstico Por Imágenes,UBICACION_COMPARTIDA,"-32.48179, -58.23176"
391,Dra. Silvina Tabarez,UBICACION_COMPARTIDA,"-32.48187, -58.23187"
326,Stormfit Gym,UBICACION_COMPARTIDA,"-32.48215, -58.23159"
696,Dra. María Skerly,UBICACION_COMPARTIDA,"-32.48219, -58.23144"
844,Radio Mitre Concepción del Uruguay 90.5 FM,UBICACION_COMPARTIDA,"-32.4815, -58.23703"
1475,Dra Fernanda George,UBICACION_COMPARTIDA,"-32.4816485, -58.2369664"
17,Gestoria Jenny - Kat,UBICACION_COMPARTIDA,"-32.4813949, -58.2354768"
309,Clínica Bracco,UBICACION_COMPARTIDA,"-32.48148, -58.23568"
737,Gestoría Jenny - Kat,UBICACION_COMPARTIDA,"-32.4815, -58.23543"
1543,ITF - Taekwondo y Boxeo (Prof. David Segura),UBICACION_COMPARTIDA,"-32.481622, -58.235651"
11,Librería Helvetica,UBICACION_COMPARTIDA,"-32.4815833, -58.2326514"
427,Librería Helvetica,UBICACION_COMPARTIDA,"-32.48158, -58.23265"
585,Lavadero Artesanal 'El Santiagueño',UBICACION_COMPARTIDA,"-32.48168, -58.23239"
653,La Fragancia,UBICACION_COMPARTIDA,"-32.48168, -58.23239"
883,Veterinaria La Concepción,UBICACION_COMPARTIDA,"-32.48109, -58.24369"
1292,Service Avenida,UBICACION_COMPARTIDA,"-32.4812157, -58.2436645"
930,Herrería Martín,UBICACION_COMPARTIDA,"-32.48095, -58.24242"
1275,Herrería Martín,UBICACION_COMPARTIDA,"-32.4809507, -58.2424156"
628,Cervecería Tráctor,UBICACION_COMPARTIDA,"-32.48112, -58.23796"
766,Imprenta 9 de Julio,UBICACION_COMPARTIDA,"-32.48101, -58.23794"
1061,Casa Pardo,UBICACION_COMPARTIDA,"-32.48108, -58.23243"
1465,Dr. Francisco Fonseca - Otorrinolaringólogo,UBICACION_COMPARTIDA,"-32.4808118, -58.2322964"
212,Pizza Libre Garden,UBICACION_COMPARTIDA,"-32.4809322, -58.2319199"
519,Creciendo Juntos (Jardín),UBICACION_COMPARTIDA,"-32.48088, -58.23183"
870,ROBERTORLOPEZ Viajes y Turismo,UBICACION_COMPARTIDA,"-32.4811, -58.23203"
530,Escuela Privada N°1 Fila de la Esperanza,UBICACION_COMPARTIDA,"-32.48112, -58.22678"
562,CEF N°3 de Concepción del Uruguay,UBICACION_COMPARTIDA,"-32.48112, -58.22678"
284,Farmacia Entre Ríos,UBICACION_COMPARTIDA,"-32.48073, -58.2336"
1508,Flores de Bach Concepción del Uruguay,UBICACION_COMPARTIDA,"-32.480554, -58.2334895"
32,Estudio Contable Bulay,UBICACION_COMPARTIDA,"-32.480607, -58.232206"
33,Estudio Jurídico Contable Pascal,UBICACION_COMPARTIDA,"-32.4804723, -58.2319875"
601,Much Play,UBICACION_COMPARTIDA,"-32.48048, -58.23206"
455,Remisería Voy!,UBICACION_COMPARTIDA,"-32.48034, -58.22852"
798,Ama Tu Piel - Centro de Bienestar y Estética,UBICACION_COMPARTIDA,"-32.48034, -58.22852"
1395,Mensajería Voy CdelU,UBICACION_COMPARTIDA,"-32.4803427, -58.2285236"
736,New Port English Academy,UBICACION_COMPARTIDA,"-32.48042, -58.2258"
1167,Peluquería Norma del Valle,UBICACION_COMPARTIDA,"-32.4805911, -58.2259901"
56,Mayorista del Puerto,UBICACION_COMPARTIDA,"-32.4802742, -58.22229"
312,Mayorista del Puerto,UBICACION_COMPARTIDA,"-32.48027, -58.22229"
270,Café Saravia,UBICACION_COMPARTIDA,"-32.47981, -58.26288"
297,Consultorios Vita,UBICACION_COMPARTIDA,"-32.47977, -58.26311"
981,Café Saravia,UBICACION_COMPARTIDA,"-32.47981, -58.26288"
1476,Dra. Crespi María Eugenia,UBICACION_COMPARTIDA,"-32.4797705, -58.2631073"
327,Power Gym (Blvd. Yrigoyen),UBICACION_COMPARTIDA,"-32.47998, -58.24989"
824,Taekwondo Chulhaksan,UBICACION_COMPARTIDA,"-32.47995, -58.24991"
892,Farmacia Colón,UBICACION_COMPARTIDA,"-32.48005, -58.25022"
295,Cooperativa Médica Ltda,UBICACION_COMPARTIDA,"-32.47981, -58.23664"
296,Centro Medico,UBICACION_COMPARTIDA,"-32.47978, -58.23644"
337,ALQUIMIA,UBICACION_COMPARTIDA,"-32.47977, -58.23639"
393,Consultorio de Ecografía y Doppler,UBICACION_COMPARTIDA,"-32.47976, -58.2364"
599,CBNutricion,UBICACION_COMPARTIDA,"-32.48025, -58.23662"
605,11 21 Indumentaria Deportiva y más,UBICACION_COMPARTIDA,"-32.48025, -58.23662"
692,Dra. Mariana Rodríguez Tolosa - Dermatóloga,UBICACION_COMPARTIDA,"-32.47978, -58.23651"
887,Farmacia Argachá,UBICACION_COMPARTIDA,"-32.48019, -58.23654"
1017,Pescadería Pez Pollo,UBICACION_COMPARTIDA,"-32.4801, -58.23639"
102,Cine San Martín,UBICACION_COMPARTIDA,"-32.47987, -58.23512"
188,7 Colinas Craft Brewery,UBICACION_COMPARTIDA,"-32.47992, -58.23523"
508,Iglesia Evangelica Congregacional,UBICACION_COMPARTIDA,"-32.48021, -58.2324"
636,El Almacén de Colombo,UBICACION_COMPARTIDA,"-32.48021, -58.2324"
689,Centro Traumatológico Uruguay,UBICACION_COMPARTIDA,"-32.48022, -58.23243"
28,Estudio jurídico y contable Medina Cavallo,UBICACION_COMPARTIDA,"-32.4799431, -58.2238919"
481,Contadores Publicos,UBICACION_COMPARTIDA,"-32.48007, -58.22386"
371,Correo argentino,UBICACION_COMPARTIDA,"-32.4793, -58.26047"
933,Berbentana Motos,UBICACION_COMPARTIDA,"-32.4793, -58.26047"
433,La Esquina Del Seguro,UBICACION_COMPARTIDA,"-32.47937, -58.25831"
1311,Bonnin Lonerías,UBICACION_COMPARTIDA,"-32.4795498, -58.2585053"
499,Barraca Oeste - Corralón,UBICACION_COMPARTIDA,"-32.47941, -58.25706"
558,Vivero La Candelaria,UBICACION_COMPARTIDA,"-32.47941, -58.25706"
638,Maxikiosco ATR,UBICACION_COMPARTIDA,"-32.47941, -58.25706"
675,King Maxikiosco,UBICACION_COMPARTIDA,"-32.47941, -58.25706"
54,LAZARTE SERVICIO MECANICO,UBICACION_COMPARTIDA,"-32.4795697, -58.2530385"
451,LAZARTE SERVICIO MECANICO,UBICACION_COMPARTIDA,"-32.47957, -58.25304"
113,Clínica Veterinaria Dr. Guillermo Artusi,UBICACION_COMPARTIDA,"-32.47937, -58.23653"
1477,Centro de Kinesiología Lic. Ana Emilia Rodríguez,UBICACION_COMPARTIDA,"-32.479642, -58.2366195"
273,Bajo Llave 929,UBICACION_COMPARTIDA,"-32.47945, -58.23593"
1037,Bajo Llave 929,UBICACION_COMPARTIDA,"-32.47945, -58.23593"
733,Integral Center of Kinesiology and Medicine,UBICACION_COMPARTIDA,"-32.47947, -58.23401"
1463,Consultorios Urquiza,UBICACION_COMPARTIDA,"-32.4794976, -58.2340549"
1466,Dr. Roberto H. Caraballo - Neurología y Epilepsia Infantil,UBICACION_COMPARTIDA,"-32.4794663, -58.2341889"
1026,Tio Muza,UBICACION_COMPARTIDA,"-32.47944, -58.22904"
1501,Centro Integral de Psicopedagogía Consciencia y Salud - Lic. Verónica Magni,UBICACION_COMPARTIDA,"-32.4796796, -58.2292151"
283,La Casa del Chef,UBICACION_COMPARTIDA,"-32.4795, -58.22522"
1036,La Casa del Chef,UBICACION_COMPARTIDA,"-32.4795, -58.22522"
335,Salón Parodi,UBICACION_COMPARTIDA,"-32.47942, -58.22446"
954,Maste Taller de Arte y Librería Artística,UBICACION_COMPARTIDA,"-32.47962, -58.22471"
855,Metalúrgica Fagundez,UBICACION_COMPARTIDA,"-32.47914, -58.25966"
1363,Taller De Chapa Y Pintura Cote,UBICACION_COMPARTIDA,"-32.4790928, -58.2594997"
564,Club Atlético Rivadavia,UBICACION_COMPARTIDA,"-32.47893, -58.24776"
1154,Marilú Beauty Space,UBICACION_COMPARTIDA,"-32.4788132, -58.2480518"
0,Vidriería y Ferretería Uruguay,UBICACION_COMPARTIDA,"-32.4792384, -58.2454753"
324,Vidriería y Ferretería Uruguay,UBICACION_COMPARTIDA,"-32.47924, -58.24547"
277,"Pizza Pronto VIP ""Al estilo italiano""",UBICACION_COMPARTIDA,"-32.47891, -58.24417"
281,Heladería Mi Viejo (sucursal Concepción del Uruguay),UBICACION_COMPARTIDA,"-32.47921, -58.24382"
631,Pizza Pronto VIP,UBICACION_COMPARTIDA,"-32.47891, -58.24417"
1003,Heladería Mi Viejo,UBICACION_COMPARTIDA,"-32.47921, -58.24382"
1403,Lavadero de Autos TC Tuning (Polarizados),UBICACION_COMPARTIDA,"-32.478751, -58.2441247"
1434,ElectroRef Baterías,UBICACION_COMPARTIDA,"-32.4788866, -58.2437788"
592,Liberar Móvil,UBICACION_COMPARTIDA,"-32.4792, -58.23407"
873,Cusca Ruca Viajes,UBICACION_COMPARTIDA,"-32.47877, -58.23418"
1380,Saravia Motos,UBICACION_COMPARTIDA,"-32.4789417, -58.2342015"
117,Accion Remises,UBICACION_COMPARTIDA,"-32.47881, -58.23284"
1481,Podólogo Universitario Kevin L. Banchero,UBICACION_COMPARTIDA,"-32.4790455, -58.2331286"
195,Pizza&Love,UBICACION_COMPARTIDA,"-32.47906, -58.22543"
462,Centro Cultural y Ambiental FAUNA,UBICACION_COMPARTIDA,"-32.47924, -58.2253"
213,The Princess Bakery (uso local: 'La Princesita'),UBICACION_COMPARTIDA,"-32.47872, -58.24379"
1441,Estación de Servicio GNC/Nafta/Diesel (Constituyentes y Sartorio),UBICACION_COMPARTIDA,"-32.4783621, -58.2438955"
119,Gimnasio Muscle,UBICACION_COMPARTIDA,"-32.47828, -58.24004"
641,Micael 24 Horas,UBICACION_COMPARTIDA,"-32.47841, -58.24"
1000,Ferrugem,UBICACION_COMPARTIDA,"-32.47825, -58.23987"
157,Heladería Lucero de Concepción del Uruguay,UBICACION_COMPARTIDA,"-32.47817, -58.24393"
894,Farmacia Don Bosco,UBICACION_COMPARTIDA,"-32.47789, -58.24402"
1136,Blessed Barber,UBICACION_COMPARTIDA,"-32.4778307, -58.2417745"
1190,GCA Estética,UBICACION_COMPARTIDA,"-32.4777822, -58.2417765"
114,ATP Veterinaria,UBICACION_COMPARTIDA,"-32.47802, -58.23849"
565,Club Regatas Uruguay,UBICACION_COMPARTIDA,"-32.47818, -58.2387"
665,Rincón de las Ofertas,UBICACION_COMPARTIDA,"-32.47818, -58.2387"
292,Farmacia Yrigoyen,UBICACION_COMPARTIDA,"-32.47786, -58.23763"
388,Dr. Fabio Azario,UBICACION_COMPARTIDA,"-32.47783, -58.23736"
812,Ferrari Vidrios,UBICACION_COMPARTIDA,"-32.47787, -58.23757"
1149,Spa de Uñas,UBICACION_COMPARTIDA,"-32.4778179, -58.2372766"
1548,Popi Pádel,UBICACION_COMPARTIDA,"-32.478176, -58.237672"
646,Dietética y Regionales,UBICACION_COMPARTIDA,"-32.47789, -58.23701"
1058,La Cuadra Cafetería y Confitería,UBICACION_COMPARTIDA,"-32.47777, -58.23711"
748,Pizzeria De Otro Planeta,UBICACION_COMPARTIDA,"-32.47753, -58.25202"
1455,TRebord Motorepuestos,UBICACION_COMPARTIDA,"-32.4773971, -58.2520565"
258,'La sorrentina' casa de pastas,UBICACION_COMPARTIDA,"-32.4773, -58.2348"
630,Pizzería Pizza's,UBICACION_COMPARTIDA,"-32.47748, -58.23516"
704,Rotisería Betty,UBICACION_COMPARTIDA,"-32.47752, -58.23485"
718,Verdulería Punto Fresco (Yrigoyen),UBICACION_COMPARTIDA,"-32.47758, -58.23522"
79,Estudio jurídico Vela & Asociados,UBICACION_COMPARTIDA,"-32.4777287, -58.2345537"
266,OTRA HISTORIA BAR,UBICACION_COMPARTIDA,"-32.47767, -58.2344"
972,OTRA HISTORIA BAR,UBICACION_COMPARTIDA,"-32.47767, -58.2344"
1298,Quintero Vidrios,UBICACION_COMPARTIDA,"-32.4775252, -58.2332924"
1301,Roly Vidrios,UBICACION_COMPARTIDA,"-32.4775252, -58.2332924"
1166,Norma Estilista Unisex,UBICACION_COMPARTIDA,"-32.4775213, -58.2276908"
1520,MAP Entrenamientos,UBICACION_COMPARTIDA,"-32.477449, -58.227717"
279,Víctor S. Cocina,UBICACION_COMPARTIDA,"-32.47698, -58.23288"
1023,Víctor S. Cocina,UBICACION_COMPARTIDA,"-32.47698, -58.23288"
189,Panadería Panettone,UBICACION_COMPARTIDA,"-32.4772, -58.23166"
232,Grido helado,UBICACION_COMPARTIDA,"-32.47715, -58.23153"
271,La Carmela,UBICACION_COMPARTIDA,"-32.47688, -58.22977"
1013,La Carmela,UBICACION_COMPARTIDA,"-32.47688, -58.22977"
578,Cerrajería Automotor Boxer,UBICACION_COMPARTIDA,"-32.47652, -58.24743"
706,La cocina de Andrea,UBICACION_COMPARTIDA,"-32.47652, -58.24743"
846,Animal FM 100.7,UBICACION_COMPARTIDA,"-32.47661, -58.227"
1181,My Glow Centro de Estetica,UBICACION_COMPARTIDA,"-32.4764533, -58.2270064"
4,Ferretería LOS ROLHA,UBICACION_COMPARTIDA,"-32.4759077, -58.2545307"
319,Ferretería LOS ROLHA,UBICACION_COMPARTIDA,"-32.47591, -58.25453"
2,Corralón y Ferreteria Burmer,UBICACION_COMPARTIDA,"-32.4753545, -58.2488224"
809,Corralón y Ferretería Burmer,UBICACION_COMPARTIDA,"-32.47536, -58.24882"
147,Western Union,UBICACION_COMPARTIDA,"-32.47535, -58.24"
517,Parroquia Santa Teresita,UBICACION_COMPARTIDA,"-32.47526, -58.24021"
833,Gimnasio Chacabuco,UBICACION_COMPARTIDA,"-32.47569, -58.23991"
1314,Mis Cortinas C del U,UBICACION_COMPARTIDA,"-32.4749194, -58.247279"
1398,Fletes y Mudanzas El Gato,UBICACION_COMPARTIDA,"-32.4750222, -58.247501"
497,Corralon y Ferreteria Casa Roque,UBICACION_COMPARTIDA,"-32.47473, -58.27378"
712,Carnicería El Gauchito,UBICACION_COMPARTIDA,"-32.47473, -58.27378"
1376,Taller de Motos El Taller del Papu,UBICACION_COMPARTIDA,"-32.473345, -58.2622854"
1382,Taller de Motos M.M Motos,UBICACION_COMPARTIDA,"-32.4737118, -58.2627478"
44,Nexo Negocios Inmobiliarios,UBICACION_COMPARTIDA,"-32.4731985, -58.263954"
806,Nexo Negocios Inmobiliarios,UBICACION_COMPARTIDA,"-32.4732, -58.26395"
340,Estética Maricel,UBICACION_COMPARTIDA,"-32.4692, -58.2492"
1262,Servicio Electrico Integral MR,UBICACION_COMPARTIDA,"-32.4690025, -58.2490224"
639,Autoservicio La Tradición,UBICACION_COMPARTIDA,"-32.46735, -58.24898"
741,Margus Service Mechanic,UBICACION_COMPARTIDA,"-32.46735, -58.24898"
355,Termas Concepción de Entre Ríos,UBICACION_COMPARTIDA,"-32.45078, -58.29279"
1049,Termas Concepción de Entre Ríos,UBICACION_COMPARTIDA,"-32.45078, -58.29279"
