Nombre,Estado
Panza Verde Parador,No encontrado
Rotisería + Más Sabor - Viandas,Encontrado
Friendsn Productos Caseros,Encontrado
Kairós Indumentaria Argentina,No encontrado
Retacería Vani-Ver,Encontrado
Way - Indumentaria Deportiva y Colegial,Encontrado
Rock Tec Imprenta Textil,No encontrado
Trapos,No encontrado
Los Posadas,Encontrado
Penthouse República de Chile,Encontrado
Apartamento Plaza San Martín,No encontrado
Millennium Apart Hotel,Encontrado
The House - Bajada Grande,Encontrado
Semillerías y Veterinaria Agro Sur,Encontrado
La Usina Fitness,No encontrado
Entrenamiento Funcional Strong Training,No encontrado
Casa Nostra,Encontrado
Pizzería Bru-Va,Encontrado
Guay - Ari,Encontrado
Alojamiento Galarza,Encontrado
Galarza Hogar SA,Encontrado
Ardoy & Haddad Abogados,No encontrado
Guillermo Andrés Heis - Contador,No encontrado
Inmobiliaria Jusid,No encontrado
Inmobiliaria MS,Encontrado
Joyería París J. Akrich,No encontrado
Mr. Anderson Barber Team - Sede Posadas,Encontrado
Centro Médico Ciota,Encontrado
Luciano Javier Lucero - Kinesiología,Encontrado
Dietética Nutrisabor,Encontrado
Cantina Paso Corralito,No encontrado
Panadería Café,No encontrado
Panadería Maxim S,Encontrado
Eben Ezer Panadería,No encontrado
Panadería y Rotisería Butula,Encontrado
Panadería San Cayetano,Encontrado
Entre Churros Panaderías,No encontrado
Panadería Comedor Mena,No encontrado
Panadería Luis Alberto Gossi,Encontrado
Panadería Buen Trigo,Encontrado
Panificadora Ni-Ka-Va,Encontrado
Dulce Ilusión,Encontrado
Gula Burgers,Encontrado
Mojito Pizza Bar,Encontrado
Nueva Rotisería El Bufé,Encontrado
Zevra Bar,Encontrado
La Peatonal,No encontrado
Cerveza Artesanal Ámbar,Encontrado
El Buffet,Encontrado
Rotisería La Tía Cocina,No encontrado
Rotisería La Familia,Encontrado
Rotisería El Bufé,No encontrado
Rotisería Fendi,No encontrado
María Eugenia Godoy Repostería Artesanal,No encontrado
Viandas Gourmet M.S,Encontrado
Grow Brewery,No encontrado
Ninka Cerveza Artesanal,No encontrado
Listo El Pollo Cdelu,Encontrado
Jolie Sofi Comestibles,No encontrado
Parador Itapé,Encontrado
La Vid es Bella,No encontrado
Cremolatti (sucursal Reibel 45),Encontrado
Citra Bar,No encontrado
Neo. Soluciones en Cobranzas,Encontrado
Estudio Jurídico Mariana Lima y Asociados,Sin dirección para buscar
Elvira E. Barbieri,Encontrado
Martínez Jorge Tito,Sin dirección para buscar
Estudio Contable y Gestoría del Automotor Cazzulino,Encontrado
Thea Juan A. y Pinilla Luis M.,Sin dirección para buscar
Buffa María Magdalena,Sin dirección para buscar
Estudio Contable Tourfini C. Mauricio,Sin dirección para buscar
Estudio Pascal,Encontrado
Silvina M. Praderio,No encontrado
Gestoría del Automotor de Noemi Poetto,Encontrado
Walter Barcos - Gestión Inmobiliaria,Sin dirección para buscar
ArquiDiseño,Encontrado
"Cardoso, Patricia Elizabeth",Encontrado
Morsentti Pamela V.,No encontrado
Berguella Carolina - Coria Fernanda,Encontrado
Dodera Claudia de Lourdes,No encontrado
Gaggino Gonzalo,Encontrado
Marco Gastón,Encontrado
Ríos Carlos Gabriel,Encontrado
Domínguez Diego Hernán,Encontrado
Díaz Clarisa María de los Ángeles,Encontrado
Silva Walter Fernando,Encontrado
Azario Marcela Sonia,Encontrado
Février María Sol Eugenia,No encontrado
Sánchez Cebola Fernando Antonio,Encontrado
Zalazar Flavio Raúl,No encontrado
Sánchez Lucero Alberto Esteban,Encontrado
Neuman Carlos Andrés,No encontrado
Carelli Nicolás Marcelo,Encontrado
González María Victoria,Encontrado
Marco Carlos Alberto,Encontrado
Bonnin Carlos Alberto,Encontrado
Nadia Vanina Telis,Sin dirección para buscar
Leo Computación,Encontrado
RedSis - Soluciones Informáticas,No encontrado
Video Juegos Star,No encontrado
Proa Informática,Encontrado
Guenoa Soluciones Informáticas,Encontrado
Di-Ser Informática,Sin dirección para buscar
ABH Informática,Encontrado
Cluster Informática,Sin dirección para buscar
GC Computers,Sin dirección para buscar
AYG Computación,Sin dirección para buscar
Trusted Informatics,Sin dirección para buscar
Full Servis,Sin dirección para buscar
Tec Support,Sin dirección para buscar
Mjm Computación,Sin dirección para buscar
Pc Tuning,Sin dirección para buscar
Running PC,No encontrado
Electrans Reparaciones,Sin dirección para buscar
LTV Service,Sin dirección para buscar
Softec Servicio Técnico,Sin dirección para buscar
PC Service,Sin dirección para buscar
Quedate Mosca | Diseño,Encontrado
Impresión Global CdelU,No encontrado
Reco y Toto Publicidad,Sin dirección para buscar
Neocolor S.R.L.,Sin dirección para buscar
Plotter Factory,Sin dirección para buscar
Plot Graphics,Sin dirección para buscar
Impáctate Soluciones Gráficas,Sin dirección para buscar
SER PHOTO,Encontrado
Bombieri MSI - Integración de Sistemas,Sin dirección para buscar
Gasista Matriculado Gerardo Herlein,No encontrado
"Chana - Obras, Servicios y Emprendimientos",No encontrado
