Nombre,Dirección limpia usada,Estado
Panza Verde Parador,"Parador Norte, Isla del Puerto, Concepción del Uruguay, Entre Ríos",No encontrado
Kairós Indumentaria Argentina,"9 del Oeste Nte. 217, Concepción del Uruguay, Entre Ríos",No encontrado
Rock Tec Imprenta Textil,"Jordana y Calderón, Concepción del Uruguay, Entre Ríos",No encontrado
Trapos,"Bv. Ricardo Balbín 2337, Concepción del Uruguay, Entre Ríos",No encontrado
Apartamento Plaza San Martín,"Artusi 807, 2B, Concepción del Uruguay, Entre Ríos",No encontrado
La Usina Fitness,"Artusi y Máximo Álvarez, Concepción del Uruguay, Entre Ríos",No encontrado
Entrenamiento Funcional Strong Training,"Rocamora 685, Peatonal, Concepción del Uruguay, Entre Ríos",No encontrado
Ardoy & Haddad Abogados,"H. J. D. Perón 560, Concepción del Uruguay, Entre Ríos",No encontrado
Guillermo Andrés Heis - Contador,"E. Gascón 188, Concepción del Uruguay, Entre Ríos",No encontrado
Inmobiliaria Jusid,"J. J. Millán 6, Concepción del Uruguay, Entre Ríos",No encontrado
Joyería París J. Akrich,"Coronel Tomás de Rocamora 765, Concepción del Uruguay, Entre Ríos",No encontrado
Cantina Paso Corralito,"Paso Corralito, Concepción del Uruguay, Entre Ríos",No encontrado
Panadería Café,"Galarza 1261 , Concepción del Uruguay, Entre Ríos",Encontrado
Eben Ezer Panadería,"Barrio La Unión, Calle 53 N°227, Concepción del Uruguay, Entre Ríos",No encontrado
Entre Churros Panaderías,"Malvar y Pintos 579, Concepción del Uruguay, Entre Ríos",No encontrado
Panadería Comedor Mena,"Las Dalias y Los Tulipanes, Concepción del Uruguay, Entre Ríos",No encontrado
La Peatonal,"Rocamora y Urquiza, Concepción del Uruguay, Entre Ríos",No encontrado
Rotisería La Tía Cocina,"Juan Bautista Alberdi 679, Concepción del Uruguay, Entre Ríos",No encontrado
Rotisería El Bufé,"Bulevar Irigoyen y Sta. María de Oro, Concepción del Uruguay, Entre Ríos",No encontrado
Rotisería Fendi,"Montonera 137, Concepción del Uruguay, Entre Ríos",No encontrado
María Eugenia Godoy Repostería Artesanal,"22 del Oeste Sur 292 , Concepción del Uruguay, Entre Ríos",Encontrado
Grow Brewery,"Galarza y Urquiza, Concepción del Uruguay, Entre Ríos",No encontrado
Ninka Cerveza Artesanal,"San Martín 941 , Concepción del Uruguay, Entre Ríos",Encontrado
Jolie Sofi Comestibles,"Doctor Uchitel 474, Concepción del Uruguay, Entre Ríos",No encontrado
La Vid es Bella,"Galarza 407 esquina Combatientes de Malvinas, Concepción del Uruguay, Entre Ríos",No encontrado
Citra Bar,"San Martín y Juan Perón , Concepción del Uruguay, Entre Ríos",No encontrado
Silvina M. Praderio,"S.J. de Feliciano s/n, Concepción del Uruguay, Entre Ríos",No encontrado
Morsentti Pamela V.,"Bolívar 81, Concepción del Uruguay, Entre Ríos",No encontrado
Dodera Claudia de Lourdes,"Bº Irigoyen 1655, Concepción del Uruguay, Entre Ríos",No encontrado
Février María Sol Eugenia,"Eva Perón 194, Concepción del Uruguay, Entre Ríos",Encontrado
Zalazar Flavio Raúl,"Belgrano 1105 , Concepción del Uruguay, Entre Ríos",Encontrado
Neuman Carlos Andrés,"Metz y San Martín 1795, Concepción del Uruguay, Entre Ríos",No encontrado
RedSis - Soluciones Informáticas,"B. Tibiletti 678, Concepción del Uruguay, Entre Ríos",Encontrado
Video Juegos Star,"D. Irigoyen 1356, Concepción del Uruguay, Entre Ríos",No encontrado
Running PC,"CSC Dr. Dodero 219, Concepción del Uruguay, Entre Ríos, Argentina",No encontrado
Impresión Global CdelU,"Tte. Primero Ibáñez, Concepción del Uruguay, Entre Ríos",No encontrado
Gasista Matriculado Gerardo Herlein,"Ing. J. Henry 725, Concepción del Uruguay, Entre Ríos, Argentina",No encontrado
"Chana - Obras, Servicios y Emprendimientos","Dra. T. Ratto 573, Concepción del Uruguay, Entre Ríos, Argentina",No encontrado
